Montana,Billings,-4.272001872658765
Montana,Great Falls,-15.511742863607127
Montana,Helena,2.604859711701776
Montana,Livingston,-8.506090255139044
Montana,Missoula,-7.925842487587355
California,Beverly Hills,-10.116229935509974
California,Alameda,-7.721722605740251
California,Alhambra,-12.028290295875822
California,Anaheim,-11.382512385135119
California,Arcadia,-8.559375165618484
California,Arcata,-6.536920783773759
California,Arroyo Grande,-5.989782967687561
California,Atherton,-6.912134257955354
California,Auburn,-9.787223487268673
California,Bakersfield,-10.941202561076196
California,Belmont,-9.420021296481849
California,Bishop,-12.489995996796797
California,Blythe,-2.97008898375597
California,Brea,-6.4597762869482835
California,Brentwood,9.71849424729894
California,Buena Park,2.0182500670960812
California,Burlingame,-8.591463786806065
California,Calabasas,-15.772572150986171
California,Camarillo,-7.308037178846821
California,Carlsbad,-13.310013415050992
California,Carmichael,0.0
California,Castaic,-13.893476318421042
California,Cerritos,-3.1396087108337016
California,Chico,-7.553657701321102
California,Chino,-2.072252583357243
California,Chino Hills,-16.51224293264445
California,Chula Vista,-11.786944102779621
California,Claremont,-13.218074746346383
California,Colton,-11.316244576022022
California,Corona,4.8465545399893015
California,Culver City,-13.443297586529875
California,Cupertino,-8.298350380252147
California,Cypress,-11.10003352576286
California,Danville,-9.914817444533565
California,Diamond Bar,-9.139872686600876
California,Downey,-10.416595151269657
California,East Palo Alto,-14.106735979665883
California,Eastvale,-9.836927511024104
California,El Monte,-9.17605579756357
California,Encinitas,-10.319883720275147
California,Escondido,-1.2010554926395978
California,Fairfield,-9.513017397229966
California,Fremont,-6.011811291116846
California,Fresno,-4.283407593079953
California,Fullerton,-4.928299712326423
California,Glendale,-3.489402906158827
California,Goleta,-9.8541710711759
California,Granite Bay,-6.70098692779292
California,Grass Valley,-6.625660524339727
California,Hawthorne,-8.25594386619982
California,Hayward,-12.518563992904477
California,Hesperia,-9.873539091609876
California,Hughson,-5.652559470844033
California,Indio,-1.0
California,Irvine,-7.649910966752763
California,La Cañada Flintridge,-7.005740503330109
California,La Mirada,-2.406588179698942
California,La Puente,-16.053452380510972
California,Laguna Beach,-12.494498789467308
California,Laguna Niguel,-7.902063571982459
California,Lancaster,-4.57582580723762
California,Larkspur,-12.794783066492283
California,Livermore,-9.516854854193662
California,Lompoc,-5.367960506561128
California,Long Beach,-8.923287674978921
California,Los Alamitos,-7.589384032976589
California,Los Altos Hills,-8.57354215012675
California,Los Angeles,-6.370078558576051
California,Los Banos,3.25832267687942
California,Maywood,-10.40984335663498
California,Menifee,-10.260218955911993
California,Modesto,-11.166779147173061
California,Montclair,-8.39866060750165
California,Moraga,-10.397733269461048
California,Mountain View,-10.924453497110338
California,Newport Beach,-10.27131929208707
California,Oakland,-13.876515211630212
California,Ojai,19.747548371042587
California,Oxnard,-8.81453459778465
California,Palo Alto,-6.810260809597503
California,Palos Verdes Estates,-7.622317378738715
California,Pasadena,-6.867458861700828
California,Petaluma,-10.01807741036173
California,Pico Rivera,12.811567039203284
California,Piedmont,-9.846581198076954
California,Pinole,-15.59695916309122
California,Pleasanton,-8.026943265142602
California,PORTERVILLE,-10.424330514074594
California,Poway,-5.4028482516881065
California,Rancho Cucamonga,-11.11283124801674
California,Rancho Santa Margarita,-6.3175645324461565
California,Redondo Beach,-8.756069323617762
California,Redwood City,-2.44081220457279
California,Ridgecrest,-4.577663159298639
California,Ripon,-2.5619003363388924
California,Riverside,-10.074890184034555
California,Rocklin,-3.26565352755063
California,Roseville,-9.653601732179071
California,Ross,-8.5091127622097
California,Sacramento,-10.603117727378693
California,Salinas,-9.931832879575959
California,San Anselmo,-14.008191270500852
California,San Diego,-10.355650261942177
California,San Dimas,3.2015621187164243
California,San Francisco,-7.809062005742899
California,San Gabriel,-11.494926417047363
California,San Jose,-9.64625079685697
California,San Juan Capistrano,-15.631332050297782
California,San Leandro,-15.217581936694147
California,San Luis Obispo,-7.161991178929141
California,San Marcos,-7.5707615225930756
California,San Marino,-6.238806643368052
California,San Rafael,-15.2970299715868
California,San Ramon,-2.262440110777735
California,Sanger,-9.414616295951737
California,Santa Ana,-7.301143879457608
California,Santa Barbara,-15.116165004538832
California,Santa Clara,-12.84981116821658
California,Santa Clarita,-9.71945648438843
California,Santa Cruz,-10.365726017123402
California,Santa Maria,2.0115567201535303
California,Selma,-13.343831012380084
California,Simi Valley,1.1086027241532468
California,Sonoma,-10.06919394324425
California,South El Monte,-5.091470997960896
California,Stanford,-13.200308638367064
California,Stevenson Ranch,-11.03333585095641
California,Stockton,-3.161734950359245
California,Taft,-4.001644398836164
California,Thousand Oaks,-9.325788814316763
California,Torrance,-7.226997472753101
California,Tracy,-8.197346539386439
California,Truckee,-15.689543164346192
California,Turlock,1.3061305509941101
California,Vallejo,8.0
California,Walnut,-10.976554559605669
California,West Covina,-13.6973507648066
California,Wildomar,-3.2007811546558447
California,Woodacre,-8.294074189845825
California,Woodside,-13.650959513974609
California,Yorba Linda,-8.186903237206645
North Dakota,Bismarck,-0.909822937597079
North Dakota,Fargo,-15.244737499511217
North Dakota,Horace,2.382435728409058
North Dakota,West Fargo,-5.809618461367895
North Dakota,Williston,4.041451884327381
South Dakota,Rapid City,0.0
South Dakota,Sioux Falls,-8.060625547097837
Nebraska,Alliance,-5.794234884325699
Nebraska,Bellevue,-9.904569327468982
Nebraska,Bennington,-1.121605991424796
Nebraska,Columbus,-15.0
Nebraska,Gretna,6.117344584205206
Nebraska,Lincoln,-10.111771286880984
Nebraska,Murray,-11.374313166077325
Nebraska,North Platte,-8.764987164850842
Nebraska,Omaha,-9.915066438667743
Nebraska,Papillion,-11.270131761325104
Nebraska,Schuyler,-7.848566748139434
Nebraska,Springfield,-4.0
Nebraska,Yutan,-0.9225568335398698
Kansas,Andale,0.25
Kansas,Augusta,-5.566582623590811
Kansas,Baldwin City,9.78543727222732
Kansas,Beloit,0.0
Kansas,Bonner Springs,-10.042552322136894
Kansas,Chanute,-2.3660092983756424
Kansas,Conway Springs,6.5837679181453534
Kansas,Derby,-6.658328118479393
Kansas,Emporia,0.0
Kansas,Gardner,-8.394641147779934
Kansas,Gypsum,-7.223758876630111
Kansas,Hays,-10.202940752547768
Kansas,Junction City,-8.86763779143014
Kansas,Kansas City,-11.23717144978438
Kansas,Larned,-5.713344702738292
Kansas,Lawrence,-3.5475711901412157
Kansas,Maize,-8.119255365629764
Kansas,Manhattan,-5.851955623155785
Kansas,McPherson,-3.540443029072105
Kansas,Newton,-3.0771334062727926
Kansas,Olathe,-8.450274615793202
Kansas,Overland Park,-8.827212944972898
Kansas,Paola,-7.604786504417976
Kansas,Pittsburg,-10.466418159566771
Kansas,Roeland Park,-4.322303516911751
Kansas,Rose Hill,6.368324391514267
Kansas,Salina,-10.47284547117954
Kansas,Shawnee,-7.617456267447695
Kansas,Spring Hill,-10.273487502038703
Kansas,St. George,8.640987597877148
Kansas,Topeka,-3.80664120208082
Kansas,Wichita,-8.831098204403666
Oklahoma,Ada,-6.904320593450369
Oklahoma,Canton,0.0
Oklahoma,Edmond,-8.738476269104003
Oklahoma,Moore,-2.2356207191739834
Oklahoma,Norman,-5.596799680769955
Oklahoma,Oklahoma City,-12.974093969008328
Oklahoma,Yukon,-8.71929988452
Texas,Abilene,7.745966692414834
Texas,Addison,-10.031724677242693
Texas,Aledo,-7.615034471359929
Texas,Amarillo,-0.9217521170950017
Texas,Archer City,-2.8545869520241745
Texas,Argyle,-11.60172400981854
Texas,Arlington,-7.603761531216001
Texas,Aubrey,-17.70782312990504
Texas,Austin,-10.229555021577124
Texas,Azle,-10.790373587701314
Texas,Bellaire,-9.761821443497972
Texas,Boerne,-7.265087748953898
Texas,Bryan,4.268547762412879
Texas,Buda,-7.096742210338488
Texas,Buffalo,8.637129152675673
Texas,Canadian,6.3377177806105145
Texas,Carrollton,-8.721123780797976
Texas,Cedar Park,-4.55312142082872
Texas,Cibolo,-24.289915602982237
Texas,Conroe,-12.680328889297027
Texas,Converse,-10.103629710818451
Texas,Coppell,-6.639779919002673
Texas,Corsicana,0.0
Texas,Dallas,-12.317206253009944
Texas,Denton,-4.686988067283417
Texas,Devine,-10.307521525565688
Texas,Dripping Springs,-7.642043792947887
Texas,Duncanville,-2.309401076758503
Texas,Earth,1.348332303254654
Texas,El Paso,-5.533978942097982
Texas,EL PASO,-13.091638552908494
Texas,Fairfield,-0.6231639698613285
Texas,Flower Mound,-1.682071883415208
Texas,Fort Worth,-5.22886238139188
Texas,Fredericksburg,7.352323895658206
Texas,Frisco,-3.9785083298483417
Texas,Fulshear,3.5688619397699823
Texas,Galveston,-16.088494114028908
Texas,Garland,-7.615434126516085
Texas,Graham,-10.090499582190258
Texas,Grapevine,-1.849624586534011
Texas,Hooks,-2.6726124191242437
Texas,Houston,-6.507205404812778
Texas,Humble,-2.039896191130381
Texas,Irving,-15.7143053915658
Texas,Joshua,-6.0058027495636805
Texas,Katy,-9.010404229035116
Texas,Kilgore,0.0
Texas,Lampasas,-6.2121654839516305
Texas,League City,-1.2623875348093336
Texas,Leander,-4.857497246997152
Texas,Lewisville,-10.37516264932748
Texas,Lindale,-5.314759323494025
Texas,Los Fresnos,0.0
Texas,Lott,-1.5811388300841898
Texas,Lubbock,-23.33452377915607
Texas,Lucas,11.579291860904101
Texas,Mansfield,-5.211759758650587
Texas,McAllen,-3.0
Texas,McKinney,-10.600707523557094
Texas,Midlothian,-12.055469021706843
Texas,Mont Belvieu,0.18257418583505536
Texas,Nacogdoches,-2.260773604511553
Texas,Odessa,6.302896159703093
Texas,Orange,-2.1829502157138894
Texas,Plano,-8.882494417325479
Texas,Prosper,-2.5898278541272206
Texas,Richardson,-10.390091433668905
Texas,Richmond,-8.454197864875267
Texas,Rockport,20.199752473730957
Texas,Rosenberg,-5.366563145999495
Texas,Round Rock,-13.330103775540033
Texas,Rowlett,-3.394872608042083
Texas,San Antonio,0.14161949401094528
Texas,Southlake,-12.64305639471722
Texas,Spring,-13.3063234089868
Texas,Spring Branch,1.5173061273212625
Texas,Stephenville,-8.408414153181834
Texas,Texarkana,-2.0808378608584537
Texas,The Woodlands,-10.204626539303058
Texas,Tomball,2.390480703271244
Texas,Utopia,1.7320508075688774
Texas,Waxahachie,0.9573027584983616
Texas,Weatherford,-10.181739835949285
Texas,Whitehouse,-8.366600265340756
Texas,Wichita Falls,-5.362275636332023
Texas,Wylie,-10.776826991280876
Nevada,Las Vegas,-4.394709799136836
Nevada,Pahrump,-6.708203932499369
Nevada,Reno,-5.474158556630599
Idaho,Blackfoot,-5.22383590271187
Idaho,Boise,-9.55232872284147
Idaho,Caldwell,-1.1532562594670797
Idaho,Eagle,-7.239286755425062
Idaho,Idaho Falls,-7.3476562514242545
Idaho,Lewiston,-10.380962142306464
Idaho,Rathdrum,-4.107919181288746
Idaho,Twin Falls,-5.7312682625607305
Utah,Draper,9.314571917162914
Utah,Grantsville,-4.497499305169485
Utah,Herriman,-4.85238085891864
Utah,Hyrum,0.0
Utah,Kaysville,-1.6421530582338137
Utah,Millville,2.378884383296277
Utah,Park City,-6.680194607943694
Utah,Pleasant View,-11.376385315957915
Utah,Provo,-3.09253132562954
Utah,Riverdale,10.215852209367377
Utah,Salt Lake City,-10.54855783539245
Utah,Sandy,-9.285405214636569
Utah,South Jordan,-8.78372073781948
Utah,Taylorsville,-8.293267913369665
Utah,West Valley City,-7.995684651923806
Arizona,Avondale,-9.64286618154335
Arizona,Buckeye,-0.6689544080129828
Arizona,Chandler,-15.061072253856874
Arizona,Gilbert,-9.729255935200367
Arizona,Glendale,-10.032824281738147
Arizona,Phoenix,-6.9394168960838645
Arizona,Tucson,2.308814630930772
Arizona,San Tan Valley,-10.327955589886445
Arizona,Surprise,-11.572660480124496
Arizona,Tempe,-8.292767933567175
Arkansas,Bryant,-11.711844085744257
Arkansas,Clinton,2.8770644761631603
Arkansas,Conway,-9.974940824107401
Arkansas,El Dorado,-6.6385239323211005
Arkansas,Fort Smith,4.441203183179724
Arkansas,Little Rock,-3.4416886882318494
Arkansas,Monette,-9.313952216022635
Arkansas,Rogers,-12.10915530646627
Arkansas,Sherwood,-10.609699066689604
Arkansas,Springdale,-10.159921259537398
Wyoming,Afton,-1.5491933384829668
Wyoming,Casper,-2.3071851785836053
Wyoming,Cheyenne,2.749748532504615
Wyoming,Powell,1.355939315961975
Wyoming,Sheridan,10.42607804729448
Colorado,Colorado Springs,-6.588111276096292
Colorado,Arvada,-9.589932903303215
Colorado,Aspen,-8.631338250816034
Colorado,Aurora,-7.836769967287656
Colorado,Boulder,-10.233889264981919
Colorado,Broomfield,-6.2119848151451675
Colorado,Castle Rock,-14.089002803605373
Colorado,Centennial,-12.781361837631676
Colorado,Delta,-6.926802165162083
Colorado,Denver,-6.793091514322964
Colorado,Durango,-11.329607230614839
Colorado,Eaton,8.60585072300622
Colorado,Englewood,-4.334935601213318
Colorado,Erie,-3.466602563509889
Colorado,Fort Collins,-12.088416784635141
Colorado,Frederick,-3.9890639978505447
Colorado,Fruita,-9.793594845612105
Colorado,Grand Junction,-7.696152885095854
Colorado,Greeley,-5.115243326149234
Colorado,Greenwood Village,-11.565770999960591
Colorado,Gunnison,-2.264950330581225
Colorado,Gypsum,-7.064312856112211
Colorado,Highlands Ranch,-6.592787430107339
Colorado,Lafayette,-12.268593525615485
Colorado,Littleton,-7.668056837220879
Colorado,Longmont,-6.265837099196064
Colorado,Louisville,-9.453835200594519
Colorado,Manitou Springs,-10.882401695704246
Colorado,Palisade,-10.554728121286958
Colorado,Parker,-2.1213203435596424
Colorado,Salida,-11.89815758200209
Colorado,Thornton,-11.256744010338235
Colorado,Wheat Ridge,-14.48307789989909
Colorado,Windsor,10.827049459571153
New Mexico,Albuquerque,-17.298285975044422
New Mexico,Crownpoint,-1.927248223318863
New Mexico,Santa Fe,-8.076571054599842
Alabama,Brookwood,-4.527692569068709
Alabama,Daphne,1.5867757065373616
Alabama,Fairhope,-3.9347306468369463
Alabama,Harvest,-14.337662690570294
Alabama,Homewood,-17.69180601295413
Alabama,Madison,-6.625740319587593
Alabama,Montevallo,-3.9995394471705965
Alabama,Springville,-4.444097208657794
Alaska,Anchorage,-6.552934793657881
Alaska,Galena,-0.7791937224739796
Alaska,Seward,-6.3
Connecticut,Danbury,-12.394208460473546
Connecticut,Hartford,-7.81685990003651
Connecticut,Lakeville,-8.514693182963201
Connecticut,Middletown,6.322537683448055
Connecticut,Naugatuck,-10.937349998971415
Connecticut,New Haven,-2.0
Connecticut,Norwalk,-7.934857269331682
Connecticut,Norwich,-13.251310207757657
Connecticut,Stamford,-2.796151200929867
Connecticut,Storrs,-11.296997072547326
Connecticut,West Haven,-15.521189816935209
Delaware,Claymont,-6.833159515591396
Delaware,Wilmington,-6.376660796714757
District of Columbia,Washington,-10.270281216877184
Florida,Altamonte Springs,-8.509648503143877
Florida,Apopka,-11.619754543542387
Florida,Boca Raton,-8.524594811035033
Florida,Bradenton,-1.303109833473464
Florida,Cape Coral,-5.900211860602973
Florida,Coral Gables,-9.283615526365756
Florida,Coral Springs,0.1341821784063916
Florida,Davenport,-7.34831370354548
Florida,Davie,-12.738551631736577
Florida,Doral,-10.915428137666952
Florida,Fleming Island,-3.3541019662496847
Florida,Fort Lauderdale,-12.22022913042141
Florida,Gulf Breeze,-7.250950676586189
Florida,Hollywood,-13.107755337966909
Florida,Homestead,2.7247542484205276
Florida,Jacksonville,-1.3807493020694326
Florida,Jupiter,1.502699316288533
Florida,Kissimmee,7.331439149307591
Florida,Lake Mary,-3.218091221688893
Florida,Land O' Lakes,-10.984695978217621
Florida,Lantana,-4.728636167014756
Florida,Longwood,-7.757605380174011
Florida,Lutz,-10.515739119565929
Florida,Marco Island,-13.737090196210534
Florida,Melbourne,2.400199136856946
Florida,Miami,-6.399491632044544
Florida,Miramar,-30.0
Florida,Naples,-10.890821823902915
Florida,North Palm Beach,-3.8609660479638266
Florida,Orlando,-6.020962871103081
Florida,Oviedo,-13.0803402649263
Florida,Palm Beach Gardens,3.449637662132068
Florida,Parkland,-11.91556405155319
Florida,Pembroke Pines,-4.137766439893763
Florida,Pompano Beach,-17.37054640340773
Florida,Riviera Beach,-10.129536902099986
Florida,Sanford,0.2041241452319315
Florida,Seminole,-3.2998316455372216
Florida,St. Petersburg,-8.51055072743301
Florida,Tampa,-5.6021688237952585
Florida,Tarpon Springs,-3.9135803442769785
Florida,Titusville,-1.3856406460551018
Florida,Trinity,-3.894576648716427
Florida,Wesley Chapel,-3.542950747611375
Florida,West Palm Beach,0.5577637813383594
Florida,Winter Garden,-20.149441679609886
Florida,Winter Park,-11.47477233602347
Florida,Zephyrhills,0.0
Georgia,Athens,-7.878675612802237
Georgia,Atlanta,-5.9626780077115
Georgia,Calhoun,-3.0
Georgia,Canton,-2.00197312351333
Georgia,Cartersville,-8.764587839710433
Georgia,Chamblee,-9.104826035837101
Georgia,Cumming,-6.595625434542343
Georgia,Decatur,-10.996135684866752
Georgia,Fayetteville,-8.10067898388771
Georgia,Hoschton,-4.241697773297857
Georgia,Johns Creek,-10.002089067504134
Georgia,Kennesaw,-9.877968709771393
Georgia,Macon,-7.2420991432042685
Georgia,Marietta,-11.60781619621769
Georgia,Milton,-4.0787340472959785
Georgia,Peachtree City,2.9151901024347167
Georgia,Ringgold,0.0
Georgia,Rome,-11.387127235025815
Georgia,ROME,-0.7905694150420949
Georgia,Roswell,-8.263517065131184
Georgia,Savannah,-2.3717082451262845
Georgia,Suwanee,-2.7054471801246547
Georgia,White,-1.6489390528457988
Georgia,Woodstock,-7.987783641286236
Hawaii,Ewa Beach,-4.46916787986998
Hawaii,Honolulu,-7.857742053566153
Hawaii,Makawao,-7.459473842034704
Hawaii,Pukalani,-14.975742290212434
Hawaii,Waianae,9.302015910543261
Hawaii,Waipahu,-11.413442367080437
Illinois,Alton,-5.8775381364525865
Illinois,Antioch,-7.574518686578926
Illinois,Arlington Heights,1.4476582074903888
Illinois,Aurora,-9.040489816870739
Illinois,Barrington,-10.706297212388604
Illinois,Bartonville,8.549561392258669
Illinois,Belleville,-4.972144630058766
Illinois,Bethalto,-1.5269795894728477
Illinois,Bradley,-11.26954341114369
Illinois,Buffalo Grove,-10.899683991341726
Illinois,Carbondale,-4.776027091904807
Illinois,Carol Stream,-12.217629728817132
Illinois,Carterville,-4.291367303474888
Illinois,Cary,-12.302413381121609
Illinois,Champaign,-7.253823041538076
Illinois,Chester,0.1
Illinois,Chicago,-9.651680378446711
Illinois,Chicago Heights,-11.4580452084987
Illinois,Cicero,-11.151980392139626
Illinois,Crystal Lake,-8.603807556610676
Illinois,Darien,-9.943095235244549
Illinois,Downers Grove,-6.615023054082846
Illinois,Edwardsville,-4.311115202092642
Illinois,Elgin,-9.039842365882272
Illinois,Elk Grove Village,4.825856285561028
Illinois,Elmhurst,-11.777847524386292
Illinois,Elmwood Park,-2.7733854161776117
Illinois,Evanston,-11.862269491964849
Illinois,Evergreen Park,-7.275835194517382
Illinois,Flora,0.1154700538379252
Illinois,Flossmoor,-10.341674552901942
Illinois,Fox Lake,-7.7256380882725635
Illinois,Frankfort,-13.106444555595116
Illinois,Franklin Park,-7.646325672916129
Illinois,Galena,-3.7984959429452374
Illinois,Geneva,-10.921315028476172
Illinois,Glen Ellyn,-6.37775829015753
Illinois,Glenview,-7.675979850590195
Illinois,Grayslake,-11.479862934662087
Illinois,Gurnee,-11.945919805523559
Illinois,Harrisburg,-7.399558198869818
Illinois,Herrin,-6.979254974565695
Illinois,Hinsdale,-10.50888512957805
Illinois,Hoffman Estates,-10.042410069301093
Illinois,Huntley,-9.969270968148255
Illinois,Joliet,-6.4163579184894
Illinois,Lake Forest,-10.238290593094256
Illinois,Lake Villa,-6.8924825563416325
Illinois,Lake Zurich,-7.7511443087610035
Illinois,Lemont,-8.680653777222082
Illinois,Libertyville,-9.896322549310932
Illinois,Lincolnshire,-11.03873181121817
Illinois,Lisle,-13.912994953331527
Illinois,Lockport,-9.888882646689666
Illinois,Lombard,-10.554055866731767
Illinois,Maple Park,-8.909084962654408
Illinois,Maywood,-10.248306093095472
Illinois,McHenry,-9.211796106080508
Illinois,Midlothian,-14.478432235570258
Illinois,Minooka,-11.416493147612083
Illinois,Mount Prospect,-3.158209257520108
Illinois,Naperville,-4.901136849729309
Illinois,New Lenox,-3.4993080585088614
Illinois,Normal,-4.818758058324145
Illinois,Northbrook,-7.943047274188918
Illinois,Oak Forest,-10.55536130001778
Illinois,Oak Lawn,-11.712235934621335
Illinois,Oak Park,-2.773561277459981
Illinois,Okawville,0.0
Illinois,Olympia Fields,-6.209962670067862
Illinois,Orion,-13.580316638429311
Illinois,Orland Park,-5.397221507405454
Illinois,Palatine,-10.2361098425088
Illinois,Peoria,-8.927457644816917
Illinois,Plainfield,-7.333206065821084
Illinois,Robinson,-6.644546636152086
Illinois,Rock Island,3.7080992435478315
Illinois,Rockford,-3.5749545054696745
Illinois,Rolling Meadows,-11.512371063338776
Illinois,Roselle,-4.031128874149275
Illinois,Schaumburg,-12.934474283866354
Illinois,Skokie,-8.30286069105202
Illinois,St. Charles,-7.387505643700297
Illinois,Sterling,-2.1213203435596424
Illinois,Summit,2.865018906278514
Illinois,Tinley Park,-7.067138349038063
Illinois,Urbana,-10.952081776452149
Illinois,Vernon Hills,-6.096191301714274
Illinois,Wauconda,-17.866169147301836
Illinois,Wayne City,11.275257361649382
Illinois,West Chicago,-6.089686832201284
Illinois,Wheaton,-5.647024782032472
Illinois,Wheeling,-12.275900263228243
Illinois,Wilmette,-12.158180380828528
Indiana,Anderson,-2.474344550053802
Indiana,Bloomington,-11.316406347934796
Indiana,Brownsburg,-13.934369977385654
Indiana,Cannelton,-2.79805126991821
Indiana,Carmel,-9.824068017249946
Indiana,Clayton,-8.0
Indiana,Columbus,-7.933270030454325
Indiana,Crown Point,3.5355339059327378
Indiana,Delphi,5.416152313437367
Indiana,Elkhart,-5.977436741614252
Indiana,Fishers,-12.714593657626219
Indiana,Fort Branch,2.6485216001888023
Indiana,Fort Wayne,-8.68183337603474
Indiana,Fortville,-6.509992319503918
Indiana,Greenwood,-6.01760706205304
Indiana,Griffith,-5.6606242294173414
Indiana,Hammond,9.689491730735933
Indiana,Indianapolis,-5.119849339896998
Indiana,Kendallville,-0.49749371855331
Indiana,Kokomo,-9.626785548665763
Indiana,Lebanon,-11.997395550701826
Indiana,Logansport,-8.495862963819508
Indiana,Madison,-10.970901952673373
Indiana,Merrillville,-12.494935816266986
Indiana,Mooresville,-9.885722027247176
Indiana,Munster,-13.225803378245118
Indiana,New Albany,-10.2353431793956
Indiana,Noblesville,-8.528852990486666
Indiana,Paoli,-0.4171330722922842
Indiana,Portage,-11.652896635600952
Indiana,Seymour,4.379293811302717
Indiana,South Bend,-1.9097614599099821
Indiana,St. John,-10.586941642104831
Indiana,Vincennes,-6.058288301398105
Indiana,Walton,12.17237309100681
Iowa,Adel,-4.945929864264375
Iowa,Alleman,-9.119019225108968
Iowa,Ames,-16.59307084297539
Iowa,Ankeny,-8.694656912353093
Iowa,Atlantic,-6.580104693527131
Iowa,Bettendorf,-13.044321880930926
Iowa,Cedar Rapids,-14.358194230374561
Iowa,Davenport,-13.78042089342702
Iowa,Des Moines,-11.831720165210838
Iowa,Dubuque,-11.080685650090242
Iowa,Iowa City,-16.703852718824297
Iowa,Johnston,-16.39862799139001
Iowa,Manchester,7.652034785835488
Iowa,Marion,-13.642828672733101
Iowa,Monroe,2.1213203435596424
Iowa,Muscatine,-10.748754080623218
Iowa,North Liberty,-14.079125139932607
Iowa,Pella,-5.960307303981461
Iowa,Tiffin,-13.061247125393052
Iowa,Urbandale,-4.02336923485777
Iowa,Waterloo,-11.304370836096984
Iowa,West Des Moines,-10.268560431400953
Kentucky,Bowling Green,-6.916859198832269
Kentucky,Cecilia,-10.754241196091137
Kentucky,Crestwood,0.0
Kentucky,Florence,-11.446321499157229
Kentucky,Fort Thomas,-2.9435718752249596
Kentucky,Georgetown,-4.186673535650666
Kentucky,Lexington,-9.72461495361942
Kentucky,Louisville,-6.149279925193895
Kentucky,Mayfield,-4.659220249498121
Kentucky,Paducah,-6.287411109633158
Kentucky,Paris,-4.007129063722971
Kentucky,Versailles,-9.242192651097465
Kentucky,Winchester,-3.524468044967921
Louisiana,Covington,6.359973200234313
Louisiana,Lafayette,0.0
Louisiana,Luling,-0.9886859966642595
Louisiana,New Orleans,-5.700567567201997
Louisiana,Zachary,-12.40151680431144
Maine,Biddeford,-8.642498352778425
Maine,Presque Isle,-5.378971401051816
Maryland,Baltimore,-10.04174040289262
Maryland,Bel Air,-10.764608758203247
Maryland,Berlin,-11.752068375869463
Maryland,Bethesda,-6.731007434820836
Maryland,Brunswick,-7.54779059441522
Maryland,Burtonsville,-9.378084108092736
Maryland,Columbia,-11.095189180403592
Maryland,Damascus,-9.665806355395292
Maryland,Ellicott City,-11.288553155586992
Maryland,Essex,-6.08267366533163
Maryland,Fallston,-2.2796198513494885
Maryland,Frederick,-5.8576726103606305
Maryland,Gaithersburg,-11.099894894397274
Maryland,Gambrills,-18.44399686641058
Maryland,Huntingtown,-11.590675131328632
Maryland,Hyattsville,-19.3183850256692
Maryland,Kensington,-12.353137253345807
Maryland,Middletown,-13.395759166107894
Maryland,Olney,-7.013380069552769
Maryland,Poolesville,-11.11952963906025
Maryland,Potomac,-3.105777283059386
Maryland,Prince Frederick,-5.484888330677299
Maryland,Pylesville,-10.881623142813861
Maryland,Rockville,-1.069255561259873
Maryland,Severn,-2.0
Maryland,Severna Park,-3.954506922487303
Maryland,Silver Spring,-14.733131083213491
Maryland,Timonium,-5.547242987458253
Maryland,Towson,-9.905551203974676
Maryland,Westminster,-7.807432356415264
Massachusetts,Attleboro,-11.224972160321824
Massachusetts,Boston,-6.106064318595437
Massachusetts,Cambridge,-12.113901902421839
Massachusetts,Everett,-14.77356361268945
Massachusetts,Gloucester,-14.523792223126183
Massachusetts,Holyoke,-10.131281120512702
Massachusetts,Lawrence,-14.20211251891774
Massachusetts,Leominster,-5.876506898943736
Massachusetts,Marlborough,-14.445314503710573
Massachusetts,Newton,-13.767113518604628
Massachusetts,Springfield,-11.539919843742418
Massachusetts,Waltham,-13.045521262103712
Massachusetts,Worcester,-10.836662424275767
Michigan,Ann Arbor,-8.471819967697272
Michigan,Berkley,-9.03938536654335
Michigan,Beverly Hills,-13.150834363052576
Michigan,Bloomfield Hills,-7.079731110190033
Michigan,Concord,-7.028631919987465
Michigan,Dearborn,-7.971284510153825
Michigan,Detroit,12.005369169204624
Michigan,East Lansing,-14.578170514696126
Michigan,Elsie,-2.7773770952846437
Michigan,Farmington Hills,-10.350676306406264
Michigan,Fenton,7.211102550927977
Michigan,Flint,-10.099133626207745
Michigan,Fraser,-1.3349157276772194
Michigan,Grand Haven,-12.37012530251816
Michigan,Grand Ledge,-10.74728419867358
Michigan,Grand Rapids,-10.591505314632583
Michigan,Grosse Pointe Farms,-4.9945684784287705
Michigan,Grosse Pointe Woods,-5.95781466273965
Michigan,Holland,-8.053891755778265
Michigan,Jackson,-10.396153134693622
Michigan,Jenison,-16.693940429354107
Michigan,Kalamazoo,-10.804142130659296
Michigan,Monroe,-5.644257883798678
Michigan,Novi,-11.212658190799527
Michigan,Portage,-14.534968610217224
Michigan,Rochester Hills,-6.874115621972683
Michigan,Roseville,-2.1166010488516727
Michigan,Royal Oak,-10.90535036881744
Michigan,South Lyon,-1.4966629547095764
Michigan,Southfield,-5.788703733055519
Michigan,Spring Lake,-11.32364782214636
Michigan,St. Clair Shores,-5.769129669443836
Michigan,St. Louis,7.978486698616474
Michigan,Sterling Heights,-11.305166776047807
Michigan,Stockbridge,-10.454861927879989
Michigan,Troy,-12.84627643256279
Michigan,Utica,-11.086443558203449
Michigan,Woodhaven,5.22791272197341
Minnesota,Albert Lea,-8.35463942968217
Minnesota,Blaine,-11.269427669584644
Minnesota,Cambridge,-9.266658930916552
Minnesota,Cannon Falls,-10.291029788978703
Minnesota,Columbia Heights,-14.60978992109269
Minnesota,Coon Rapids,-10.246950765959598
Minnesota,Eagan,-16.010074952978826
Minnesota,Eden Prairie,-10.838117115472395
Minnesota,Edina,-16.056442996570805
Minnesota,Elk River,-0.6324555320336759
Minnesota,Fridley,-7.856685051597779
Minnesota,Golden Valley,-11.973303637676613
Minnesota,Harmony,-5.301021914058962
Minnesota,Lakeville,5.3848271686623
Minnesota,Long Lake,2.641247901313028
Minnesota,Mendota Heights,-4.434949885602416
Minnesota,Minneapolis,-13.89046692963272
Minnesota,Minnetonka,-5.414428737724796
Minnesota,New Prague,-10.669582934679312
Minnesota,New Ulm,-5.125101625008686
Minnesota,North St. Paul,-5.660010095902152
Minnesota,Owatonna,-8.292343635122881
Minnesota,Richfield,-6.95221787153807
Minnesota,Rochester,-10.50785420530757
Minnesota,Rosemount,-6.885466059544759
Minnesota,Roseville,-7.84670253933082
Minnesota,Sartell,4.818444500812207
Minnesota,Savage,-8.823170254128236
Minnesota,Shoreview,-10.112227393464945
Minnesota,St. Francis,-5.643239658755761
Minnesota,St. Louis Park,-7.17427274589508
Minnesota,St. Paul,-15.974645111931466
Minnesota,Stillwater,-7.813129974600448
Minnesota,Victoria,-6.542448804815852
Minnesota,Winona,-11.129914644776033
Mississippi,Brandon,6.068360569379509
Mississippi,Collinsville,-8.246211251235321
Mississippi,Columbus,-12.660945677734562
Mississippi,Jackson,11.84867382573136
Mississippi,Lucedale,-2.599737749011689
Mississippi,Olive Branch,-5.098365751231794
Mississippi,Oxford,-12.757680864978227
Mississippi,Ridgeland,-4.959334632790976
Mississippi,Tupelo,-5.021893245052694
Missouri,Ballwin,-4.935953440181174
Missouri,Blue Springs,-17.107590330287696
Missouri,Brentwood,-11.20714058089752
Missouri,Cape Girardeau,8.121393786600736
Missouri,Chesterfield,-10.125404639678898
Missouri,Clayton,-9.699046344873294
Missouri,Columbia,-13.451614202597547
Missouri,Diamond,0.5
Missouri,Eureka,-5.063166220253197
Missouri,Fenton,-5.656854249492381
Missouri,Florissant,-5.419655585613044
Missouri,Fredericktown,7.2578557844748675
Missouri,Hazelwood,-12.393681185722558
Missouri,Imperial,-4.969783697506362
Missouri,Independence,-4.800568148193976
Missouri,Jefferson City,-7.14779686336986
Missouri,Joplin,-10.469658542665085
Missouri,Kansas City,-9.110356077391975
Missouri,Ladue,-8.270328490050037
Missouri,Lee's Summit,-4.6097722286464435
Missouri,Manchester,-10.244732571157993
Missouri,Marshfield,1.6
Missouri,Maryland Heights,-7.617230147629203
Missouri,Nixa,-8.856219937363083
Missouri,North Kansas City,-3.437618684819802
Missouri,O'Fallon,-10.830748030681384
Missouri,Osage Beach,-6.204272721278458
Missouri,Pacific,5.918276776224647
Missouri,Peculiar,-4.079431909700462
Missouri,Platte City,3.0492622058458663
Missouri,Potosi,-6.231639698613306
Missouri,Rolla,-4.3659568192285665
Missouri,St. Charles,-8.637751504471911
Missouri,St. Louis,-5.06014926277317
Missouri,University City,-11.871151689041904
Missouri,Warsaw,-9.28529303073773
Missouri,Washington,-8.692118077124048
Missouri,Wentzville,-6.619825617496744
Missouri,Wildwood,-14.317170238436214
New Hampshire,Portsmouth,-8.231079313593488
New Jersey,Atco,0.0
New Jersey,Basking Ridge,-9.866204944151526
New Jersey,Bernardsville,-2.1724793823340804
New Jersey,Colonia,-9.447253569159663
New Jersey,Cranford,-7.3966208500909385
New Jersey,Cresskill,-8.510581648747634
New Jersey,Demarest,-7.325608879441044
New Jersey,East Rutherford,-13.31878372825387
New Jersey,Emerson,-8.154487517107784
New Jersey,Englewood,-13.221769366661377
New Jersey,Franklin Lakes,3.0603921317373697
New Jersey,Frenchtown,4.784233364802441
New Jersey,Glen Ridge,-7.238658841123942
New Jersey,Glen Rock,9.372299611087985
New Jersey,Haledon,-0.7728734264634383
New Jersey,Hammonton,-0.848528137423857
New Jersey,Hawthorne,-6.092261663283435
New Jersey,Hillsdale,2.2389410762360726
New Jersey,Jersey City,-4.533759009365879
New Jersey,Kearny,-3.5355339059327378
New Jersey,Kinnelon,-10.816048102321112
New Jersey,Manville,-13.771215038491109
New Jersey,Marlboro,2.198449867106779
New Jersey,Marlton,-12.702102355725179
New Jersey,Mays Landing,-9.028238527480923
New Jersey,Montvale,-10.433849595969091
New Jersey,Morristown,-3.0326553385568618
New Jersey,New Providence,-11.12282282066922
New Jersey,Newark,-9.546901766192702
New Jersey,North Arlington,-7.7579840029142675
New Jersey,North Caldwell,-6.3335087694999945
New Jersey,Oradell,-9.628825770273638
New Jersey,Park Ridge,-2.065591117977289
New Jersey,Passaic,-8.205407585856726
New Jersey,Pennington,-12.337544326161508
New Jersey,Point Pleasant,6.478054120272938
New Jersey,Princeton,-12.857325980469197
New Jersey,Sewell,-12.89147004805891
New Jersey,Succasunna,-6.597188396342954
New Jersey,Summit,-9.45621488757526
New Jersey,Tenafly,-2.1877944246305336
New Jersey,Wanaque,-8.748237917813316
New Jersey,Washington,-6.9807617408674405
New Jersey,Westfield,-9.59127207413073
New Jersey,Whippany,-6.620586240066824
New Jersey,Woodbury Heights,-8.260771442643007
New York,Albany,-20.414455662593603
New York,Amityville,-9.952201554906013
New York,Bay Shore,-8.420670537890215
New York,Bellmore,-7.52251522392063
New York,Bethpage,-0.5
New York,Binghamton,-2.92261298612503
New York,Brewster,-13.271209439986997
New York,Bronx,-8.427584891818254
New York,Brooklyn,-10.199567194387859
New York,BROOKLYN,-14.165274441393644
New York,Carle Place,-4.361088271187699
New York,Central Islip,-6.114295984380817
New York,Chappaqua,-11.73095125688042
New York,Commack,-4.247127881062123
New York,Dobbs Ferry,-5.667913028199895
New York,East Rockaway,3.2128773156099952
New York,Floral Park,-12.894895630959306
New York,Freeport,-11.72156132944754
New York,Great Neck,-10.48041158349704
New York,Hampton Bays,-11.233022276915692
New York,Hastings-on-Hudson,-11.602722556870319
New York,Hauppauge,0.5725881092523115
New York,Islip Terrace,0.0
New York,Latham,-12.484345753338014
New York,Levittown,-10.63014581273465
New York,Lindenhurst,0.0
New York,Locust Valley,-7.888848367881624
New York,Manhasset,-12.7560853825033
New York,Manhattan,-12.107342480308546
New York,Massapequa,-4.943954179280919
New York,Medford,-15.354918736735948
New York,Montrose,-10.260146493135764
New York,Nanuet,-4.841888979405547
New York,New Hyde Park,-6.918857437127472
New York,New York,-6.5905133899110036
New York,Northport,-6.203720967786499
New York,Old Westbury,4.900291536516694
New York,Peekskill,-11.947803145348521
New York,Port Washington,-5.172139367904315
New York,Queens,-7.214106551287784
New York,Rochester,7.419793348425099
New York,Scarsdale,-8.018266183695363
New York,Schenectady,-13.959017396173222
New York,Setauket,-12.440584718900801
New York,Shoreham,-13.085137019183668
New York,Staten Island,-4.623876316876115
New York,Tarrytown,-6.889627689285518
New York,Uniondale,-4.96655480858378
New York,Wantagh,-10.411716772648312
New York,Weedsport,-7.872556310191936
New York,Westhampton Beach,-6.915326393629933
North Carolina,Benson,-15.354152532784088
North Carolina,Cary,-8.56240476711721
North Carolina,Charlotte,-14.42507286888795
North Carolina,Clemmons,-9.58493283753204
North Carolina,Davidson,3.9409870984748
North Carolina,Durham,-9.337945289099858
North Carolina,Fuquay-Varina,5.668281200214566
North Carolina,Greensboro,-8.350919538760815
North Carolina,Hayesville,10.535653752852738
North Carolina,Matthews,0.5400656068843785
North Carolina,Monroe,-12.825193230331807
North Carolina,Raleigh,-6.670573714456921
North Carolina,Shallotte,-8.407564621050668
North Carolina,Wake Forest,-6.036267202429863
Ohio,Akron,-4.326661530556787
Ohio,Beachwood,-11.185753750039456
Ohio,Beavercreek,-4.850566977168752
Ohio,Broadview Heights,-6.113782244513893
Ohio,Canton,-7.238291037451944
Ohio,Chardon,4.2710821646443256
Ohio,Cincinnati,-9.072110496324903
Ohio,Clayton,-7.751963698087768
Ohio,Cleveland,-7.195509512387371
Ohio,Columbus,-3.8328840316398827
Ohio,Cortland,-1.611831256676703
Ohio,Cuyahoga Falls,-6.280105271587589
Ohio,Delaware,-6.04471145195663
Ohio,Dover,-6.699429299662508
Ohio,Elmore,-4.949747468305833
Ohio,Findlay,2.448264691572379
Ohio,Granville,-11.788071118281191
Ohio,Green,-8.129615314471549
Ohio,Hamilton,5.412910492516942
Ohio,Harrison,-4.720481032317637
Ohio,Hudson,-10.490730034972145
Ohio,Kings Mills,-11.176745629079283
Ohio,Lakewood,-7.3534005738841675
Ohio,Lancaster,-11.070794912742265
Ohio,Lowellville,-1.8708286933869707
Ohio,Mentor,-5.5677643628300215
Ohio,Oakwood,-11.857313454275431
Ohio,Plain City,-7.291806002809503
Ohio,Poland,3.251626811778517
Ohio,Powell,-4.242444264022019
Ohio,Richfield,-4.866957234995263
Ohio,Shaker Heights,-15.932175323110018
Ohio,Solon,-8.0286252577519
Ohio,Streetsboro,-8.5289213854977
Ohio,Strongsville,-14.364307617610164
Ohio,Struthers,-10.313340874808706
Ohio,Sylvania,-10.76758252038652
Ohio,Tallmadge,-6.727203930848765
Ohio,Toledo,-7.040698017343775
Ohio,Trenton,-6.79879190949182
Ohio,Uniontown,2.6356529867694394
Ohio,Wadsworth,-1.3541602563950859
Ohio,Westerville,-11.784161942807613
Ohio,Westlake,-13.78135386258238
Ohio,Worthington,-12.536868704867134
Oregon,Albany,-6.9622075043288785
Oregon,Ashland,-14.766732505496567
Oregon,Beaverton,-13.892744608877852
Oregon,Bend,-6.116853556845826
Oregon,Days Creek,-1.5783694117664597
Oregon,Forest Grove,-12.153437641738568
Oregon,Gresham,-8.268693372578468
Oregon,Lake Oswego,-7.52522424915032
Oregon,Lebanon,-13.087143818776248
Oregon,Milwaukie,-13.259681044864015
Oregon,Oregon City,-15.361613413527456
Oregon,Portland,-11.785366675338208
Oregon,Roseburg,-12.888754788574419
Oregon,Salem,-6.027713773341708
Oregon,Tigard,-12.650884229763221
Oregon,Tualatin,-9.63518418057218
Oregon,West Linn,-11.31024042456828
Oregon,Wilsonville,-8.521511241919114
Oregon,Yamhill,-11.648855451645597
Pennsylvania,Allentown,-8.16208708890671
Pennsylvania,Altoona,-6.932964733791742
Pennsylvania,Ardmore,-10.076884439150824
Pennsylvania,Bellefonte,-2.6345988520287316
Pennsylvania,Bellwood,12.147953645687728
Pennsylvania,Berwyn,-11.413707866978516
Pennsylvania,Bessemer,-7.472707918577016
Pennsylvania,Bethel Park,-5.227969650511245
Pennsylvania,Boyertown,-3.940714499837658
Pennsylvania,Bryn Mawr,-8.236330731082132
Pennsylvania,Carlisle,-10.553435459602717
Pennsylvania,Clearfield,1.390225619360855
Pennsylvania,Corry,-7.885464828122408
Pennsylvania,Dallastown,-3.563204817496262
Pennsylvania,Derry,-4.760952285695233
Pennsylvania,Emmaus,-13.605391088339454
Pennsylvania,Erie,-7.0178344238091
Pennsylvania,Exton,0.0
Pennsylvania,Fawn Grove,-12.275615697012542
Pennsylvania,Flourtown,-6.403347338920258
Pennsylvania,Freedom,-4.800967164466521
Pennsylvania,Glen Rock,1.6129682782580281
Pennsylvania,Greensburg,-6.141195788629908
Pennsylvania,Hamburg,-11.206359801469878
Pennsylvania,Harmony,-3.2496922931256123
Pennsylvania,Hellertown,-12.023102760934883
Pennsylvania,Hershey,-14.969263380468865
Pennsylvania,Hummelstown,-8.345957105089864
Pennsylvania,Jefferson,-5.525535128975154
Pennsylvania,Jenkintown,-9.77465667138638
Pennsylvania,Lancaster,-15.737885324361677
Pennsylvania,Landisville,-6.4142698058981855
Pennsylvania,Langhorne,-16.338573989182777
Pennsylvania,Lansdale,-3.6974282426784293
Pennsylvania,Latrobe,-7.384182679630417
Pennsylvania,Malvern,4.604210029961709
Pennsylvania,Marion Center,-3.40802221011181
Pennsylvania,Meadville,-8.050789861330648
Pennsylvania,Mercersburg,-4.020572098594925
Pennsylvania,Merion Station,-11.16243700990066
Pennsylvania,MIDLAND,-11.180339887498949
Pennsylvania,Milford,-8.29885964627499
Pennsylvania,Milton,-4.377295316255722
Pennsylvania,Morrisdale,-3.6207733980463344
Pennsylvania,Nanticoke,-12.397793921405817
Pennsylvania,New Castle,-4.69041575982343
Pennsylvania,Newville,-3.4783822183800988
Pennsylvania,Norristown,-19.82387182444455
Pennsylvania,Perkasie,-6.650070488348225
Pennsylvania,Philadelphia,-10.364919143671296
Pennsylvania,Pine Grove,7.591818904960411
Pennsylvania,Pittsburgh,-7.288833069839853
Pennsylvania,Plymouth,3.7535168694024663
Pennsylvania,Pottstown,-8.317184400737556
Pennsylvania,Pottsville,-10.024004522478362
Pennsylvania,Quakertown,-8.94105972576002
Pennsylvania,Rosemont,-10.393276869285867
Pennsylvania,Royersford,-10.932594459762129
Pennsylvania,Saxonburg,-11.398903456034708
Pennsylvania,Slippery Rock,3.1442588373675022
Pennsylvania,Souderton,-7.009018000642696
Pennsylvania,Spring Grove,7.562241731127087
Pennsylvania,State College,-9.950577872666491
Pennsylvania,Stroudsburg,-8.408958808038847
Pennsylvania,Tyrone,-5.792461367644343
Pennsylvania,Washington,2.5875441282004474
Pennsylvania,Wayne,-14.080810728407323
Pennsylvania,West Chester,-9.252412812728519
Pennsylvania,West Lawn,-10.571589284492658
Pennsylvania,York,-7.413079656930715
Rhode Island,Providence,-7.428913110273938
Rhode Island,Warwick,-4.11993278511266
South Carolina,Chapin,-10.0220867199512
South Carolina,Charleston,-12.553883861180172
South Carolina,Columbia,-8.457923690396278
South Carolina,Gaffney,-9.272072763591394
South Carolina,Greenville,-9.538394400628205
South Carolina,Greer,-1.9591278207870506
South Carolina,Inman,-5.496992184542659
South Carolina,Lancaster,8.409815693580924
South Carolina,Myrtle Beach,1.898732520705638
South Carolina,North Charleston,-6.801604909053424
South Carolina,Socastee,-12.382649151130787
South Carolina,Spartanburg,-7.217459673453744
South Carolina,Travelers Rest,0.0
Tennessee,Arlington,15.57776192739723
Tennessee,Collegedale,-12.758937110530649
Tennessee,Collierville,-10.923972995923082
Tennessee,Harrison,-2.0816659994661326
Tennessee,Johnson City,-8.997395456464053
Tennessee,Manchester,-5.505889103025488
Tennessee,Memphis,-11.394455992183078
Tennessee,Murfreesboro,-12.632629707758133
Tennessee,Nashville,-9.067852930804072
Tennessee,Newbern,2.979932885150268
Vermont,Burlington,-9.960909310184201
Vermont,Essex Junction,-13.3393215719541
Vermont,Orleans,-12.138609200947748
Vermont,South Burlington,-10.226436329435586
Vermont,St. Albans,-7.5517524798712365
Vermont,Wells River,-9.85955218206026
Virginia,Aldie,-9.29715074007924
Virginia,Alexandria,-9.030279834519433
Virginia,Annandale,-8.215661675981645
Virginia,Arlington,-14.670996490876945
Virginia,Ashburn,-9.972235494498705
Virginia,Burke,4.525412118106999
Virginia,Centreville,-14.665737150032594
Virginia,Chantilly,-6.660376284032154
Virginia,Charlottesville,-12.387650845226098
Virginia,Chatham,4.03732584763727
Virginia,Clifton,-13.0
Virginia,Crozet,-11.238874128072913
Virginia,Fairfax,-11.186114730346613
Virginia,Falls Church,-8.219920214272031
Virginia,Fredericksburg,1.9061022549830888
Virginia,Gainesville,-12.331145237046837
Virginia,Glen Allen,-9.842112959116045
Virginia,Hampton,-8.06898144368058
Virginia,Harrisonburg,-15.639229005004296
Virginia,Leesburg,-6.777978357728733
Virginia,Lexington,-4.362065915093334
Virginia,Manassas,-10.9
Virginia,Mclean,-11.697422258771374
Virginia,McLean,-10.700573061241784
Virginia,Midlothian,-10.770349461130891
Virginia,Mineral,-9.07919182184907
Virginia,Newport News,-9.54233050300457
Virginia,Nokesville,-7.432592827820534
Virginia,Norfolk,-11.335784048754634
Virginia,Oakton,-6.4031242374328485
Virginia,Palmyra,-4.059325682918285
Virginia,Powhatan,-5.756825658873705
Virginia,Prince George,-11.051557495526279
Virginia,Purcellville,-10.155392742930367
Virginia,Reston,-7.60920495189872
Virginia,Roanoke,-3.7948106982159358
Virginia,South Riding,-10.411077096813253
Virginia,Springfield,-9.45591282930581
Virginia,Sterling,-8.807276850624671
Virginia,Vienna,-2.9723260625682077
Virginia,Virginia Beach,-7.96950925625391
Virginia,Warrenton,5.459728597983269
Virginia,Williamsburg,-6.760575760642331
Virginia,Woodbridge,4.3717393864636875
Washington,Battle Ground,-5.0700646500370725
Washington,Bellingham,-15.048920227046192
Washington,Bothell,-3.076242083182111
Washington,Burbank,-1.0398317171542713
Washington,Camas,-6.572142919563552
Washington,East Wenatchee,-10.293219630920655
Washington,Ephrata,-2.227105745132009
Washington,Gig Harbor,-1.705872210923198
Washington,Granite Falls,-7.100402403083524
Washington,Issaquah,-9.975931974006238
Washington,Kenmore,-8.716730771845441
Washington,Kent,-8.876526757281098
Washington,Lake Stevens,-12.789782507351948
Washington,Mercer Island,-0.9092931605099279
Washington,Mountlake Terrace,-8.08029152389387
Washington,Olympia,2.406010991015813
Washington,Pasco,-6.45899889043702
Washington,Puyallup,-7.07064996369435
Washington,Renton,-10.87610462182238
Washington,Sammamish,6.245078061962076
Washington,Seattle,-12.167039444349784
Washington,Sedro-Woolley,-12.007989764395129
Washington,Shoreline,-10.101736806798485
Washington,Silverdale,-8.324556161989518
Washington,Snohomish,-6.03876367037713
Washington,Spokane,0.0
Washington,Steilacoom,4.571036534529121
Washington,Tacoma,-8.231177107299644
Washington,Vancouver,4.2
Washington,Walla Walla,-19.704060495238032
Washington,Wenatchee,-8.904252595569956
West Virginia,Elkins,-6.113954103737506
West Virginia,Inwood,-4.123105625617661
West Virginia,Lewisburg,-7.910419511132469
West Virginia,Parkersburg,-8.08349288011421
West Virginia,St. Marys,-10.13943415580968
West Virginia,Weirton,-7.173234564521577
West Virginia,Weston,-3.044804317740852
West Virginia,Wheeling,-11.532454205415256
Wisconsin,Amherst,-1.1547005383792515
Wisconsin,Appleton,-12.345407685009471
Wisconsin,Berlin,-5.277415192223472
Wisconsin,Black River Falls,-3.2336769576855797
Wisconsin,Brookfield,-9.906513742887542
Wisconsin,Cedarburg,-13.919051691835907
Wisconsin,De Pere,-6.788838879612134
Wisconsin,Fond du Lac,-11.524061783937121
Wisconsin,Green Bay,-7.6385715782411765
Wisconsin,Greendale,-11.0
Wisconsin,Hartland,-5.60198377561219
Wisconsin,Janesville,-6.770069878062276
Wisconsin,Madison,-12.329656336121731
Wisconsin,Middleton,-12.03265294280963
Wisconsin,Milwaukee,-6.898695528866309
Wisconsin,Mineral Point,-1.7035257556021863
Wisconsin,Muskego,-2.5495097567963922
Wisconsin,Neenah,-6.464346662871491
Wisconsin,New Berlin,-8.466583932038994
Wisconsin,Oshkosh,-14.13473853077351
Wisconsin,Racine,-6.4441704922614615
Wisconsin,Sheboygan,-13.225606476327151
Wisconsin,Shorewood,-1.4539601094940673
Wisconsin,Stevens Point,-9.889185334846466
Wisconsin,Stoughton,-12.740999840007728
Wisconsin,Sturgeon Bay,-6.977887150915318
Wisconsin,Superior,-3.8140529624010204
Wisconsin,Wauwatosa,-8.711677986090471
Wisconsin,Whitefish Bay,-9.599479152537391
Puerto Rico,Bayamón,-8.601802136761808
